created_at,id_str,full_text,quote_count,reply_count,retweet_count,favorite_count,lang,user_id_str,conversation_id_str,username,tweet_url,mention_username
Sun Feb 26 21:49:18 +0000 2023,1629961832923385857,"Mt. Fuji, Japan ğŸ‡¯ğŸ‡µ https://t.co/gWi9C40N5c",4,1,120,1052,in,1468146555400110081,1629961832923385857,travly,https://twitter.com/travly/status/1629961832923385857,
Sat Feb 25 15:00:14 +0000 2023,1629496498521251843,@tanyarlfes Lah gue jg kalo jd fuji lg banyak2 nya cuan mending fokus aja ngumpulin. Lagian masih 20th buseeeet ğŸ˜­ğŸ˜­ğŸ˜­ kenapasi kayak seolah2 wajib bgt nikah umur segitu????????,9,21,264,4929,in,1282344685399240706,1629443591558041606,ceritatehfidy,https://twitter.com/ceritatehfidy/status/1629496498521251843,tanyarlfes
Sat Feb 25 14:11:36 +0000 2023,1629484260238426113,"bulan December kemaren, Sunrise di New Jersey.  dengan kamera Fuji XE4 + 27mm f2.8 https://t.co/SkNHIHHqRr",3,4,75,741,in,65056227,1629484260238426113,govoes,https://twitter.com/govoes/status/1629484260238426113,
Sat Feb 25 11:40:45 +0000 2023,1629446296099774469,"@tanyarlfes Fuji bener ya anjir. Engga ya engga. Mapan doang ga cukup buat modal nikah. Banyak yang dipikirin ke depannya. Lagian, di umur 20, masih banyak hal yang bisa dinikmati diri sendiri sebelum terikat dan berkeluarga.",63,61,2384,27635,in,546675497,1629443591558041606,Mooncalfdung,https://twitter.com/Mooncalfdung/status/1629446296099774469,tanyarlfes
Sat Feb 25 11:35:00 +0000 2023,1629444848905494528,"@tanyarlfes Mohon maaf nih, semapan apapun laki lo seengaknya lo harus punya pegangan kalo gak lo bakal diinjek. Keluarga si laki ini juga terkenal problematik. Jangan lupa si Fuji ini cewek Minang , yang etosnya cewek pekerja keras seengaknya bisa berdiri di kaki sendiri.",7,5,110,2614,in,1495786048173256704,1629443591558041606,dietprogrezz,https://twitter.com/dietprogrezz/status/1629444848905494528,tanyarlfes
Sat Feb 25 11:30:00 +0000 2023,1629443591558041606,ğŸ’š Tapi menurut gue kalo pihak cowonya mapan gitu ga masalah si nikah di umur Fuji {20thn} bakal amannn. Kalo menurut kalian? https://t.co/hOuhUGPpKh,2866,6698,752,15573,in,1371650588,1629443591558041606,tanyarlfes,https://twitter.com/tanyarlfes/status/1629443591558041606,
Sat Feb 25 02:38:04 +0000 2023,1629309727074308096,@Askrlfess Fuji km mengambil jalan yg tepat bagus ğŸ˜‚,1,2,69,4353,in,1435542487586664449,1629307978930348032,mykeylop,https://twitter.com/mykeylop/status/1629309727074308096,Askrlfess
Fri Feb 24 03:40:00 +0000 2023,1628962924185407489,"Telat sehari untuk merayakan Hari Gunung Fuji, tapi tak pernah terlambat untuk menunjukkan betapa kerennya gunung satu ini.  Berurutan dari 1-4 : 1. Chureito Pagoda 2. Yamanaka Lake 3. Kawaguchiko Lake 4. Kawaguchi Asama Shrine https://t.co/0MJYze4kZT",8,39,227,1535,in,326059312,1628962924185407489,kevinpramudya_,https://twitter.com/kevinpramudya_/status/1628962924185407489,
Tue Feb 21 05:35:59 +0000 2023,1627904948116807680,Full Jav Sub Indo Khusus Cowo Sosmed biar semangat di hari Selasa ğŸ”¥ Apk vc$ https://t.co/kGIzB6kKY6  https://t.co/EpMEPRP3FX https://t.co/0HUI4Ms5rT https://t.co/xL28Tq4F73 https://t.co/Bgdi9T8VW9 https://t.co/ouTIqqxC4R  #ManCity #MUFC anime Comics Netflix Senin Fuji cats https://t.co/BsQs993vN0,10,55,1050,5512,in,2935585009,1627904948116807680,ratnalinda676,https://twitter.com/ratnalinda676/status/1627904948116807680,
Mon Feb 20 17:50:21 +0000 2023,1627727372454875137,"@tanyarlfes ALHAMDULILLAH WKWK gimana yak, untung banget dah harusnya fuji ga dpt Thoriq, ortunya thoriq aja sama mantu kek gitu. Buat para cewe diluaran sana, kalo mau serius sama cowo, please lihat ortunya dulu, kalo ortunya welcome ke kalian, lanjut gpp, kalo ortunya ga welcome, end aja.",30,39,212,1573,in,1215237590355304448,1627665626620915718,bukomangga_enak,https://twitter.com/bukomangga_enak/status/1627727372454875137,tanyarlfes
Mon Feb 20 14:12:44 +0000 2023,1627672607536611329,@tanyarlfes Toriq ki giatheeel tak rasa-rasane. Mbien nguuuebet sampek omong harus jodoh harus jodoh pas Fuji gung enek roso. Sak iki malah omong prinsap-prinsip. Ealah koyok sip-sip o ae kon ğŸ˜­ğŸ˜­ğŸ˜­ğŸ˜­,98,136,428,5060,in,1108158859997134850,1627665626620915718,nnonaadd,https://twitter.com/nnonaadd/status/1627672607536611329,tanyarlfes
Mon Feb 20 14:00:52 +0000 2023,1627669621196353537,"@ayedomino25 @tanyarlfes Udah ga penasaran lg mungkinğŸ˜” atau krna fuji udh ga naik daun kaya sebelum2nyğŸ˜’ wkt sama cika tu jg gitu, pas masih naik daun digebetin, skli dh redup ditinggal",7,21,39,1848,in,1129632577218727937,1627665626620915718,nysliafr,https://twitter.com/nysliafr/status/1627669621196353537,"ayedomino25, tanyarlfes"
Mon Feb 20 13:54:09 +0000 2023,1627667929281204225,@tanyarlfes kalo prinsipnya daridulu gamau pacaran ya terus ngapain pacaran sama fuji? aneh betul kalo bikin alesan,0,5,0,635,in,1375855332463796225,1627665626620915718,gurlalic,https://twitter.com/gurlalic/status/1627667929281204225,tanyarlfes
Mon Feb 20 13:50:50 +0000 2023,1627667096057573376,"@tanyarlfes Gue ga peduli, ga suka jga ama Fuji dan Toriq. Tapi kalau putus bawaÂ² agama Lah kemarin lu pacaran pas lagi ga bergama gtu?"" Agak ngelag ini...""",22,45,330,11833,in,870311703887478784,1627665626620915718,cyukael,https://twitter.com/cyukael/status/1627667096057573376,tanyarlfes
Mon Feb 20 13:45:00 +0000 2023,1627665626620915718,ğŸ’š BUNDA GUE SAMPE NANGIS BENGKAK NONTON INIğŸ¤£ğŸ˜­ Dia ngebayangin posisi fuji sesakit ituğŸ¥² https://t.co/anypEUUfTI,2652,4330,1333,27761,in,1371650588,1627665626620915718,tanyarlfes,https://twitter.com/tanyarlfes/status/1627665626620915718,
Mon Feb 20 09:26:25 +0000 2023,1627600550937391104,Video Tanggapan Optimus Prime atas berita putusnya Fuji dan Thariq: https://t.co/HoymotiTWb,17,30,291,763,in,1437750326707191812,1627600550937391104,MiskinTV_,https://twitter.com/MiskinTV_/status/1627600550937391104,
Mon Feb 20 07:05:07 +0000 2023,1627564990646583298,Dari kisah fuji dan thorik aku percaya bahwa pria bisa diterima dengan mudah dikeluarga wanita. Tetapi wanita belum tentu diterima dengan mudah di keluarga pria.,89,148,779,4224,in,1618530799049125890,1627564990646583298,emeliney31,https://twitter.com/emeliney31/status/1627564990646583298,
Sat Feb 18 00:37:04 +0000 2023,1626742558998028290,"Dari fuji dan thoriq kita belajar,  â€œkalo ibunyaa cowomu gak nerima kamu jangan dipaksain, karna cowok sampai mati tetep milik ibunyaâ€.Kadang laki-laki tuh bisa di terima dengan gampang di keluarga perempuan, tapi perempuan susah banget buat di terima di keluarga laki laki.",289,235,1678,7867,in,1336753594771537921,1626742558998028290,cungkrink_agus,https://twitter.com/cungkrink_agus/status/1626742558998028290,
Fri Feb 17 18:01:53 +0000 2023,1626643109286379521,"@senjtya @tanyarlfes yups bener, aku bukan fans fuji. tpi fuji emang pantes dapat yang lebih baik daripada dapet si onoh.",0,3,5,787,in,869865271212687361,1626599852397432837,eunabi30,https://twitter.com/eunabi30/status/1626643109286379521,"senjtya, tanyarlfes"
Fri Feb 17 17:54:14 +0000 2023,1626641184616751106,"@tanyarlfes emang mending putus sih. daripada nanti nikah trs diperlakuin ga enak sama mertuanya. maap ya, liat aja aurel. bisa-bisanya dinikahan anaknya sendiri kaga dateng. milih stay di luar negeri. aurel tuh kuat banget asli. klo aku jadi dia, mending pisah aja dari dulu kyk fuji.",98,110,616,17611,in,869865271212687361,1626599852397432837,eunabi30,https://twitter.com/eunabi30/status/1626641184616751106,tanyarlfes
Fri Feb 17 15:22:45 +0000 2023,1626603063996977154,"@tanyarlfes Ibu2 tu knpe sihhh.. Andin meninggoy nangis, lesti bilar kdrt nangis marah2, fuji putus nangis, atta aurel nikah seneng.. Emang kalian itu pada kenal ya ama mereka ğŸ˜‚ğŸ˜‚",94,98,124,3068,in,1603075619641708544,1626599852397432837,kucinggembul05,https://twitter.com/kucinggembul05/status/1626603063996977154,tanyarlfes
Fri Feb 17 15:10:00 +0000 2023,1626599852397432837,ğŸ’š Emak gue sampe nangis pas tau mereka putusğŸ˜”ğŸ˜”ğŸ˜” kalo gue jadi fuji juga gue nyerah aja kalo emg beneran pihak cowo kurang nerima https://t.co/RUKKTSrQd9,965,1462,903,22320,in,1371650588,1626599852397432837,tanyarlfes,https://twitter.com/tanyarlfes/status/1626599852397432837,
Thu Feb 16 17:28:19 +0000 2023,1626272272477564929,Monte Fuji #JapÃ³n   (FotoÂ©ï¸Tatsuya) https://t.co/hVqL6BHHEV,1,11,115,799,in,1360503332176072704,1626272272477564929,AliciaMimundo,https://twitter.com/AliciaMimundo/status/1626272272477564929,
Sun Feb 12 11:39:50 +0000 2023,1624735024628244481,ni bukan kali pertama jejak fuji tapi kali pertama lalu lorong ni and ughhh tak edit la sebab tak sabar nak share pada 5 followers kat twitter ğŸ”ï¸ https://t.co/M7eL9ELwnT,34,19,269,1299,in,621867730,1624735024628244481,whodisshamim,https://twitter.com/whodisshamim/status/1624735024628244481,
Tue Feb 07 13:59:10 +0000 2023,1622958150021431298,"Yuk, kita Fuji Rock! https://t.co/Gi7CbjJmej https://t.co/EQqxBaoafX",50,35,43,265,in,52029529,1622958150021431298,adit_insomnia,https://twitter.com/adit_insomnia/status/1622958150021431298,
Fri Feb 03 03:10:12 +0000 2023,1621345279885864960,Fuji Rock udah announce line up pertama nih. Mau ikutan open trip juga? https://t.co/bsYcYQ3xBN,116,105,81,679,in,52029529,1621345279885864960,adit_insomnia,https://twitter.com/adit_insomnia/status/1621345279885864960,
Wed Jan 11 07:27:48 +0000 2023,1613075187892723713,"Good Morning to lovers of Fuji Music, Afmag Yoruba, ArsenalFC, Brymo &amp  Asiwaju Bola Ahmed Tinubu. https://t.co/hugAGU2oMv",6,41,122,369,in,283969541,1613075187892723713,mrlurvy,https://twitter.com/mrlurvy/status/1613075187892723713,
Sun Jan 08 18:28:50 +0000 2023,1612154375350132737,"Takahashi Hiroaki (Japanese, 1871â€“1945) Mount Fuji from Lake Yamanaka"", 1936. https://t.co/GMHAqhilCP""",0,2,53,389,in,173591677,1612154375350132737,fraveris,https://twitter.com/fraveris/status/1612154375350132737,
Thu Dec 29 10:40:00 +0000 2022,1608412512894201857,-idm aaaaakk cakep banget gemes imut lucu tapi at the same time sedih juga karena rambutnya dipotong. udah gaada rambut fÃ»ji kÃ¤zeğŸ˜­ğŸ’” https://t.co/wtQgi8OMzC,30,80,115,1368,in,292019537,1608412512894201857,indomyfess,https://twitter.com/indomyfess/status/1608412512894201857,
Tue Dec 13 06:59:44 +0000 2022,1602558873952391168,"Konsep penggabungan mentahan foto-foto dari dua negara berbeda, tapi sama indahnya ğŸ‡®ğŸ‡©ğŸ‡¯ğŸ‡µ  Ada yang mau ngedit foto-foto dari Danau Toba karya mas @nikkoilham dan Gunung Fuji karya saya + dapet hadiah 1.000.000 dibagi 10 orang?  Sini absen dulu coba ğŸ‘‹ https://t.co/oZjtIzNKxy",2,27,52,435,in,326059312,1602558873952391168,kevinpramudya_,https://twitter.com/kevinpramudya_/status/1602558873952391168,nikkoilham
Tue Dec 13 02:33:58 +0000 2022,1602491990507151362,"Arakura Fuji Sengen Shrine, Japan. ğŸ—¾ https://t.co/NZA3JSP4nR",0,1,148,315,in,1369427253948522499,1602491990507151362,_WinterIsC0ming,https://twitter.com/_WinterIsC0ming/status/1602491990507151362,
Sun Dec 11 20:17:34 +0000 2022,1602034880946503680,"Zexel Nissan R33 GT-R - Japan Special GT Cup Fuji, 1997 https://t.co/oJogzYoIfn",2,0,82,852,in,1279243514631426048,1602034880946503680,FlawlessSpec,https://twitter.com/FlawlessSpec/status/1602034880946503680,
Wed Dec 07 12:51:27 +0000 2022,1600473061370736642,Mt.Fuji Japan ğŸ‡¯ğŸ‡µ https://t.co/k4Vks1xiFl,21,14,897,4521,in,1038150281794646017,1600473061370736642,earthcurated,https://twitter.com/earthcurated/status/1600473061370736642,
Tue Nov 22 01:59:53 +0000 2022,1594873269257207808,"Kadang berimajinasi punya satu rumah di kaki gunung Fuji untuk masa tua nanti, sepertinya menyenangkan. https://t.co/cWHmVzUAgI",4,17,46,405,in,326059312,1594873269257207808,kevinpramudya_,https://twitter.com/kevinpramudya_/status/1594873269257207808,
Mon Nov 21 11:32:39 +0000 2022,1594655023115358209,@Askrlfess fuji gua kasih tau kayanyaa lu mending cari laki lain aja dah.. yg bisa nerima lu apa adanya dan dengan bangga mamerin lu ke keluarganya,10,7,50,483,in,1344953659172347904,1594633392746041349,apraenple,https://twitter.com/apraenple/status/1594655023115358209,Askrlfess
Mon Nov 21 11:14:46 +0000 2022,1594650521427935232,"@Askrlfess Hmm aku agak sedikit relate sama fuji. Semua keluarga udah kenal sama mas pacar, pernah dibawa ke kondangan sodara sampe jadi pagar bagus. Tapi aku belum bisa dikenalin ke keluarganya seleluasa aku mengenalkan dia karena.... Keluarganya dipandang. Punya kumpulan pengajian---",37,17,80,1112,in,990610227182489600,1594633392746041349,teteh____,https://twitter.com/teteh____/status/1594650521427935232,Askrlfess
Mon Nov 21 10:17:34 +0000 2022,1594636129935929345,@Askrlfess bodoamat anjing perasaan fuji udah gua mute ini malah diplesetin namanya uanjengg,3,2,6,619,in,1316939403986497536,1594633392746041349,twezcreams,https://twitter.com/twezcreams/status/1594636129935929345,Askrlfess
Mon Nov 21 10:13:26 +0000 2022,1594635087903363073,"@Askrlfess Ini kek nya tiap Fuji ada di suatu acara, keluarga halilintar gak dateng gitu ya? Makanya pas ulang tahun atta thoriq gak bawa Fuji tapi aku kasian juga sama thoriq dia keliatan tulus banget cinta sama Fuji tapi ya gitu...",6,8,15,1071,in,1280083111552794637,1594633392746041349,yayaaa10_,https://twitter.com/yayaaa10_/status/1594635087903363073,Askrlfess
Fri Nov 18 12:44:41 +0000 2022,1593585988378525697,"Mt. Fuji, Japan ğŸ‡¯ğŸ‡µ https://t.co/xRZOytgjg5",24,14,1005,4282,in,1038150281794646017,1593585988378525697,earthcurated,https://twitter.com/earthcurated/status/1593585988378525697,
Mon Nov 14 00:32:03 +0000 2022,1591952064871292929,lanjutan yg kemaren perbedaan film fresh vs expired:  1. expired lebih grainy 2. expired lebih gelap walau metering normal 3. fresh lebih tajem 4. fresh lebih segar 5. expired lebih kadaluarsa  kiri: Fuji Pro 400H kanan: Fuji Natura 1600 kamera sama: Leica M6 + 35 1.4 voigt https://t.co/0zyI2lQf2d,29,17,201,1688,in,65056227,1591952064871292929,govoes,https://twitter.com/govoes/status/1591952064871292929,
Tue Nov 08 18:51:07 +0000 2022,1590054323399970817,Der Berg Fuji in Japan. https://t.co/1m05TyOozC,1,1,32,299,in,69248730,1590054323399970817,DLR_next,https://twitter.com/DLR_next/status/1590054323399970817,
Tue Nov 08 07:38:37 +0000 2022,1589885085226258432,"kalo misalnya ada kesempatan ke Jepang, kalian akan bawa kamera film atau kamera digital?  -  shot on Zeiss Ikon + 50mm f1.4 Summilux + Fuji Pro400H https://t.co/YHDzwChlYk",10,54,43,620,in,65056227,1589885085226258432,govoes,https://twitter.com/govoes/status/1589885085226258432,
Sat Nov 05 03:36:52 +0000 2022,1588737080888524800,"Finally made it to 60K followers! âœ¨  Terima kasih ya untuk semua teman-teman yang sudah berkenan follow, yang sudah hadir dari dulu maupun barusan, tetep semangat motret ataupun ngedit ya, sehat-sehat!   Tak lupa menyertakan foto Gunung paling keren se-Jepang, Fuji san! ğŸ—» https://t.co/rBngcB0DCX",6,24,36,551,in,326059312,1588737080888524800,kevinpramudya_,https://twitter.com/kevinpramudya_/status/1588737080888524800,
Thu Nov 03 21:40:47 +0000 2022,1588285085031112704,ğŸ‘€ Fuji TIARA ix by @xmstyle (ig) https://t.co/3dAOV4R90L,9,2,61,497,in,839870975105630208,1588285085031112704,FILMWAVE_,https://twitter.com/FILMWAVE_/status/1588285085031112704,xmstyle
Mon Oct 31 16:27:23 +0000 2022,1587119051930832897,"Boy Viewing Mount Fuji by Katsushika Hokusai, 1839 https://t.co/i1B0yRT5wF",2,3,65,333,in,914926030657327107,1587119051930832897,marysia_cc,https://twitter.com/marysia_cc/status/1587119051930832897,
Wed Oct 26 06:05:35 +0000 2022,1585150630179414016,ğŸ“¸ Pongnathee Kluaythong - Mount Fuji https://t.co/ENIV2km0Yw,4,3,157,526,in,1344373664884682755,1585150630179414016,Iconic___Images,https://twitter.com/Iconic___Images/status/1585150630179414016,
Sun Oct 23 03:40:50 +0000 2022,1584027037937078272,"Fuji pada hari ini. Selalunya, dalam setahun tak sampai 100 hari boleh nampak Fuji, mungkin 80 hari sahaja https://t.co/9M4NtKQ516",6,6,101,583,in,740134898908811264,1584027037937078272,kamalzharif,https://twitter.com/kamalzharif/status/1584027037937078272,
Sat Oct 15 02:59:30 +0000 2022,1581117534048133120,Confirmed!  Info baru Kny! Swordsmith Village Arc (Season 3) akan diungkap tgl 10 Desember nanti setelah penayangan Mugen Train Arc (7 Episode) &amp  Mugen Train (movie) di Fuji TV. https://t.co/8kiD5bAJLB,92,38,161,918,in,1317673513654775810,1581117534048133120,onifess,https://twitter.com/onifess/status/1581117534048133120,
Fri Oct 14 06:36:21 +0000 2022,1580809719224356865,"Yusaku Kamekura, Fuji Film 1950s via MoMA https://t.co/5z2ZaGovuE https://t.co/m8srzve89p",2,2,43,364,in,947185949406003200,1580809719224356865,DesignReviewed,https://twitter.com/DesignReviewed/status/1580809719224356865,
Tue Oct 11 08:24:52 +0000 2022,1579749863486820353,SO DES NE. SAIKO YAMAMOTA SAN. DO IT FOR FUJI-Sama @Orix_Buffaloes,54,8,424,3287,in,55184723,1579749863486820353,SimplyAJ10,https://twitter.com/SimplyAJ10/status/1579749863486820353,Orix_Buffaloes
Sun Oct 09 10:11:00 +0000 2022,1579051796269600768,"Mount Fuji from Yoshida, by Kasamatsu Shiro, 1951  #shinhanga https://t.co/Ufw853dDvJ",2,1,114,774,in,910305551220826113,1579051796269600768,JapanTraCul,https://twitter.com/JapanTraCul/status/1579051796269600768,
Thu Oct 06 04:42:49 +0000 2022,1577882042754293763,JGSDF Mt Fuji AH-1S Cobra https://t.co/3IzoCyQhhp,1,2,71,492,in,122744704,1577882042754293763,kadonkey,https://twitter.com/kadonkey/status/1577882042754293763,
Tue Oct 04 03:50:37 +0000 2022,1577144130106322945,@tanyakanrl sebenernya agak valid tp karena fuji yg ngomong: SOTOY,5,12,6,502,in,1250794212150239238,1577142728336343041,zona_ngeluh,https://twitter.com/zona_ngeluh/status/1577144130106322945,tanyakanrl
Sat Oct 01 02:37:00 +0000 2022,1576038440377888768,APAKAH KAMU TIPE ORG YG MALES NGEDIT FOTO?  mungkin bs belajar untuk memaksimalkan settingan dalam kamera.  berikut settingan favorit kamera Fuji XT4 ku:  Film Simulation: Classic Negative Highlights: -2 Shadow: -2 WB: AWB  Kondisi lighting semi-indoor.  #SOOC  berikut hasilnya: https://t.co/ODsbw4FEkR,22,30,134,1026,in,65056227,1576038440377888768,govoes,https://twitter.com/govoes/status/1576038440377888768,
Fri Sep 30 16:57:48 +0000 2022,1575892680709533696,"@mrpostwin @d_harahap99 @zulhier blum lgi si fuji sering di katain n di sindir"" netizen perkara dia petakilan n g berhijab, sedangkan kluarga gledek agamanya trlihat kuat ğŸ˜‚""",4,8,8,687,in,1257232861,1575788752223449088,pasteleria27,https://twitter.com/pasteleria27/status/1575892680709533696,"mrpostwin, d_harahap99, zulhier"
Mon Sep 26 03:11:04 +0000 2022,1574235073641324545,@convomf GUNUNG FUJI MANA ADA DI SALATIGA,2,1,1,741,in,1384361672278560768,1574233581442203648,asahiseamour,https://twitter.com/asahiseamour/status/1574235073641324545,convomf
Mon Sep 26 03:07:48 +0000 2022,1574234252450807808,@convomf gunung fuji apaan anjer di salatiga,0,1,0,909,in,1082483860154142720,1574233581442203648,hannihaei,https://twitter.com/hannihaei/status/1574234252450807808,convomf
Thu Sep 15 01:49:24 +0000 2022,1570228258603700225,Tokyo Tekno Tribe (MASAï½œK.U.R.O.ï½œKuni) @ Rainbow 2000 Mt.Fuji (1996)  #tbt â³ https://t.co/uwhnXW8mve,28,5,90,562,in,2429251832,1570228258603700225,RavePartyJapan,https://twitter.com/RavePartyJapan/status/1570228258603700225,
Wed Sep 14 08:53:03 +0000 2022,1569972485428490240,@hatespij Fuji jadi Bjorka ga sih,1,4,15,836,in,1093911083352346624,1569968810941349890,liminalmilataka,https://twitter.com/liminalmilataka/status/1569972485428490240,hatespij
Wed Sep 14 08:38:27 +0000 2022,1569968810941349890,Selama bukan Fuji yang jadi Ariel gue ga akan komplen apa2,624,433,3305,26117,in,1073958221100965888,1569968810941349890,hatespij,https://twitter.com/hatespij/status/1569968810941349890,
Sun Sep 11 04:01:48 +0000 2022,1568812025047912448,Fuji photos. ğŸ˜  #ToyotaGAZOORacing #GoHyper #6HFuji https://t.co/SUsC9O2ZvU,2,2,67,419,lt,443804285,1568812025047912448,TGR_WEC,https://twitter.com/TGR_WEC/status/1568812025047912448,
Thu Sep 01 12:00:28 +0000 2022,1565308607192875008,"Fuji, Japan ğŸ‡¯ğŸ‡µ https://t.co/ZnQ4MBXZJ0",4,10,508,2051,in,1038150281794646017,1565308607192875008,earthcurated,https://twitter.com/earthcurated/status/1565308607192875008,
Wed Aug 31 14:14:37 +0000 2022,1564979977602224130,"Dapet kabar duka dari sensei disini bahwa salah satu pemagang Indonesia mengakhiri hidupnya kemarin malam, almarhum baru 3 bulan sampai di Jepang, memang satu tahun pertama disini menurut saya adalah yang paling berat, iya Jepang tak sekedar soal sakura, tokyo, fuji, atau anime. https://t.co/8tDwOiEdlN",720,374,4971,25713,in,326059312,1564979977602224130,kevinpramudya_,https://twitter.com/kevinpramudya_/status/1564979977602224130,
Tue Aug 30 00:53:34 +0000 2022,1564416001701199872,"@Askrlfess standar ganda lu semua wkwk bukan fans fuji tp beda bgt repnya, kmrn dia dihujat abis abisan yg ini suruh posthink blablabla",0,0,9,822,in,1504727047629082624,1564398607339360256,ccloudstar,https://twitter.com/ccloudstar/status/1564416001701199872,Askrlfess
Tue Aug 30 00:29:13 +0000 2022,1564409870262353920,@Askrlfess Komenan di sini beda banget sama yg postingan soal si fuji wkwk Rakyat twitter emang jago bgt soal standar ganda,5,12,36,1017,in,1107090027027156992,1564398607339360256,euphorianme,https://twitter.com/euphorianme/status/1564409870262353920,Askrlfess
Mon Aug 29 14:30:10 +0000 2022,1564259116448591872,"@Askrlfess komennya kenapa deh? netizen twt belagak sok apa? kek gapernah salty aja liat semacem marcel dan celine. ga bela fuji ga bela siapapun. tp berasa sok suci bgt kalean,kek merasa gapernah julitin org aja mau sekelas artis atau ga. sumpah aneh.",7,27,22,744,in,1338116169476177920,1564231418892263424,sopeternitys,https://twitter.com/sopeternitys/status/1564259116448591872,Askrlfess
Mon Aug 29 14:28:29 +0000 2022,1564258693142564864,"@Askrlfess woah fuji, pdhl udh banyak yg udh nganggep dirimu hype garaÂ² org meninggal, eh ditambah gini, luarbiasa deh, km pemberani",2,16,28,3989,in,2420744467,1564231418892263424,NESVERLAND,https://twitter.com/NESVERLAND/status/1564258693142564864,Askrlfess
Mon Aug 29 14:09:39 +0000 2022,1564253951259598849,@Larassdwwi @kazuhauw @Askrlfess tapi yg disorot fuji pdhl lebih ada yg sakit komennya wkkw,0,5,0,1020,in,1459777044389138433,1564231418892263424,fenifranss,https://twitter.com/fenifranss/status/1564253951259598849,"Larassdwwi, kazuhauw, Askrlfess"
Mon Aug 29 13:46:12 +0000 2022,1564248053410058240,"@Fredomanss @Larassdwwi @Askrlfess Dia ga bilang normalise anjir, dia cuma bilang kelakuan fuji ga cuma baru ini alias udh dri dlu sifatnyaaaaaa""",0,2,1,507,in,1235441674198732800,1564231418892263424,AhoyyCips,https://twitter.com/AhoyyCips/status/1564248053410058240,"Fredomanss, Larassdwwi, Askrlfess"
Mon Aug 29 12:44:19 +0000 2022,1564232478671323138,"@Askrlfess Padahal yang lain ada yang komennya intinya kek gitu, emang dasar Fuji lagi apes wkwk",1,17,29,2514,in,1226530533796012032,1564231418892263424,koalamerahjambu,https://twitter.com/koalamerahjambu/status/1564232478671323138,Askrlfess
Tue Aug 23 13:36:13 +0000 2022,1562071212276457472,Fuji X-T1 / Nokton 50mm f1.2 asph. https://t.co/s0G5bPjhDM,0,2,43,340,in,1280674689438773249,1562071212276457472,PhotoHiro1,https://twitter.com/PhotoHiro1/status/1562071212276457472,
Tue Aug 16 15:53:32 +0000 2022,1559569052632317955,Mt Fuji ğŸ—» Japan https://t.co/sWZg8cqbpl,6,6,196,1277,in,1367826956054634500,1559569052632317955,_magical_nature,https://twitter.com/_magical_nature/status/1559569052632317955,
Tue Aug 16 05:42:59 +0000 2022,1559415403398307841,"@convomfs Lah, bukannya itu sarkas ya? Itu yg bagian fuji nya ditaro di belakang kan?",0,0,2,811,in,1508636450715160577,1559414716203954176,phiyton,https://twitter.com/phiyton/status/1559415403398307841,convomfs
Sat Aug 13 03:16:20 +0000 2022,1558291334804299776,"DIA MENYELAM DI PALUNG IBU DAN BERSEMEDI DI GOA IBU AGAR BISA MENYELAMATKAN DUNIA DARI DEDDY CORBUZIER. MENGHABISI FUJI, MENYELAMATKAN PENYU DAN MEMBUNUH ğŸ˜ğŸ¥µâ€¼ï¸ https://t.co/7RhbERcc6r",57,20,121,727,in,1366265617276231682,1558291334804299776,JISOOSUKOHARJ0,https://twitter.com/JISOOSUKOHARJ0/status/1558291334804299776,
Fri Aug 12 04:22:24 +0000 2022,1557945574531272704,"@tanyakanrl sebenernya sih banyak orang jadiin kata najis itu sebagain becandaan. tapi becandaan tongkrongan. nah fuji nih masalahnya belum bisa bedain mana yang pantas jadi becandaan publik, mana yang becandaan tongkrongan. kebawa dah tuh masa masa dia belum jadi seleb",2,7,21,1079,in,1071346736503771136,1557944986997383169,mycutieapple,https://twitter.com/mycutieapple/status/1557945574531272704,tanyakanrl
Fri Aug 12 03:03:01 +0000 2022,1557925597594124290,"Mt Fuji ğŸ—», Japan ğŸ—¾ https://t.co/9ZIz4yXLmy",5,2,97,520,in,1367826956054634500,1557925597594124290,_magical_nature,https://twitter.com/_magical_nature/status/1557925597594124290,
Fri Aug 12 02:34:31 +0000 2022,1557918422159093760,"@pwettyrbbt @Askrlfess Kata gue dia sama-sama pansos jalur kematian kakaknya kek mayang. Bedanya nih fuji anak hitz dan good looking, mayang versi biasa aja dan kebetulan bapacknya aneh.",36,31,105,4116,in,1353298845803835393,1557896988619730944,cupvlatte,https://twitter.com/cupvlatte/status/1557918422159093760,"pwettyrbbt, Askrlfess"
Fri Aug 12 01:12:34 +0000 2022,1557897799920140289,"@Askrlfess gue jg kaget sm jawabannya, bisaâ€nya ngatain lawan mainnya yg bisa dibilang dia lebih senior dripda fuji loh, pengalaman actingnya lebih banyak kan?",2,15,85,3841,in,1072103383056572416,1557896988619730944,pinkoceanay,https://twitter.com/pinkoceanay/status/1557897799920140289,Askrlfess
Thu Aug 11 19:32:00 +0000 2022,1557812091679039488,tiny fuji https://t.co/Wuz5rxt43I,0,1,31,264,in,22831992,1557812091679039488,EiffelArt,https://twitter.com/EiffelArt/status/1557812091679039488,
Sat Aug 06 23:14:19 +0000 2022,1556056102843822080,Mountain Fuji ğŸ” https://t.co/sfLeaWiulQ,30,23,673,5557,in,1444760227576881156,1556056102843822080,HowThingsWork_,https://twitter.com/HowThingsWork_/status/1556056102843822080,
Sat Aug 06 09:05:46 +0000 2022,1555842559100047360,Mountain Fuji ğŸ” https://t.co/BMQURIak8s,29,20,680,5455,in,1551242821142810625,1555842559100047360,Hana_b30,https://twitter.com/Hana_b30/status/1555842559100047360,
Fri Aug 05 10:49:48 +0000 2022,1555506351371014144,#DonBelle in fuji film ğŸ https://t.co/WrXsBvo3eb,28,1,608,3293,in,1551144833376342017,1555506351371014144,lesyeuxdb,https://twitter.com/lesyeuxdb/status/1555506351371014144,
Sun Jul 31 09:18:32 +0000 2022,1553671442369167361,@Askrlfess Vibes nya keq liat fuji pas debut acting,3,5,17,707,in,867352161948114945,1553670792868610050,jung_jamal1,https://twitter.com/jung_jamal1/status/1553671442369167361,Askrlfess
Sat Jul 23 06:05:00 +0000 2022,1550723634943213573,"Mount Fuji by Takeuchi Seiho, 1893  #nihonga https://t.co/RWdEkOjRSO",1,3,41,290,in,910305551220826113,1550723634943213573,JapanTraCul,https://twitter.com/JapanTraCul/status/1550723634943213573,
Tue Jul 19 23:36:35 +0000 2022,1549538723636838400,@azozer93i @MrKrabsleRetour @lucille_lrnt il a pris dâ€™la Fuji ptn,0,3,0,413,fr,1013543367937024000,1549150995929784350,alleyezonamir,https://twitter.com/alleyezonamir/status/1549538723636838400,"azozer93i, MrKrabsleRetour, lucille_lrnt"
Fri Jul 15 04:23:18 +0000 2022,1547798940065484808,stop bilang gw mirip fuji tp kalo gunung fuji hayuk papale sih bismilah lpdp tokyo daigaku,12,19,25,828,in,1125520077984419840,1547798940065484808,pengwinningg,https://twitter.com/pengwinningg/status/1547798940065484808,
Thu Jul 14 04:42:07 +0000 2022,1547441286604640257,Mt Fuji  ğŸ“·Riki https://t.co/dY3nBDBkLt,11,6,391,1888,in,820978401838329856,1547441286604640257,Soy_Luchick,https://twitter.com/Soy_Luchick/status/1547441286604640257,
Sat Jul 09 13:50:24 +0000 2022,1545767325512900609,"@tanyakanrl aneth sama naura setau gue penyanyi, fuji ini apa? nyanyi juga kah? gue serius nanya",2,4,3,616,in,1234420430296899584,1545764718866235393,gyuwonnist,https://twitter.com/gyuwonnist/status/1545767325512900609,tanyakanrl
Sat Jul 09 13:43:49 +0000 2022,1545765670495059973,"@tanyakanrl Fans garis keras Fuji emang serem-serem, tapi hatersnya juga gak kalah serem wkwkwk atut",2,9,51,3408,in,1144077885465980928,1545764718866235393,billie9eulis,https://twitter.com/billie9eulis/status/1545765670495059973,tanyakanrl
Sat Jul 09 03:04:09 +0000 2022,1545604694336098305,"@daybokkie @unmagnetism Bukan fans jg. Dgn kondisi skrg punya anak dan ponakan seumuran gala. Sakit hati sih liat postingan ky gini. Kaya mana ada yg mau liat balita,ini lg ponakan sendiri harus tumbuh tanpa org tua? Kenapa ya gaada yg mikir kalo fuji jd terkenal banyak kerjaan sana sini mungkin rezeki-",1,1,6,677,in,1153323619516239875,1545413199654035456,emillialnya2,https://twitter.com/emillialnya2/status/1545604694336098305,"daybokkie, unmagnetism"
Sat Jul 09 00:49:14 +0000 2022,1545570740409610240,"@unmagnetism Gue bukan fans fuji, tapi kebayang gak sih sakit hatinya fuji pas baca title beritanya kek gitu. Siapa juga yang mau kehilangan kakak sama kakak iparnya coba. Rezeki udah ada yang ngatur. Netizen julid amat dah heran.",2,14,46,1851,in,1299380634020847616,1545413199654035456,daybokkie,https://twitter.com/daybokkie/status/1545570740409610240,unmagnetism
Fri Jul 08 23:44:07 +0000 2022,1545554354492416005,@unmagnetism padahal yg bikin si fuji terkenal jga netijen,1,5,4,713,in,1059776739071512576,1545413199654035456,Jaring_UburUbur,https://twitter.com/Jaring_UburUbur/status/1545554354492416005,unmagnetism
Fri Jul 08 11:26:10 +0000 2022,1545368642514464768,"Org kalo liat fakta langsung kok kalian nyinyir bgt"" sebenrny bkn salah fuji. Dia dapet nama. Cmn terbukti seberapa jelek nya taste org sini yg naikin nama org2 no prestasi ke layar kaca. Suka sad liat anak2 teater yg akting nya bagus2 tp g tembus film hanya karena g komersil.""",2,12,49,685,in,1285713790856617985,1545368642514464768,bocahfujoshi,https://twitter.com/bocahfujoshi/status/1545368642514464768,
Fri Jul 08 07:26:52 +0000 2022,1545308420123021313,"@kuenih @wisnuferdiansyh @tvindonesiawkwk Bener sih:( bkn fans puji, tp masa orgorg ga ngehargain skill model, yg kalo belajar lewat sekolah aja mahal.. pdhl selebgram sejenis fuji banyak dr dulu.",1,3,1,530,in,1322173943696879621,1545267784040738816,aaleshals,https://twitter.com/aaleshals/status/1545308420123021313,"kuenih, wisnuferdiansyh, tvindonesiawkwk"
Fri Jul 08 07:14:54 +0000 2022,1545305407681626113,@tvindonesiawkwk *gue bukan fans fuji ygy* tapi kalian yang suka nanyain prestasi atau pencapaian orang lain mending sekarang lebih fokus sama pencapaian diri sendiri aja deh. Bisa jadi mereka yang kalian bilang sukses â€˜tanpa karyaâ€™ ini adalah buah dari amalan2 baik keluarganya selama ini.,0,4,13,534,in,1225993038335340546,1545267784040738816,handtossedpizz4,https://twitter.com/handtossedpizz4/status/1545305407681626113,tvindonesiawkwk
Fri Jul 08 06:00:30 +0000 2022,1545286687416209409,@mrcipage Orang-orang pada overproud buat Fuji &amp  overhate buat Mayang,15,16,73,3977,in,1054000474632839168,1545283041525768193,maheskruk,https://twitter.com/maheskruk/status/1545286687416209409,mrcipage
Fri Jul 08 05:55:18 +0000 2022,1545285378760114176,"@mrcipage Pertama gue ga paham terus gue search fuji siapa, lah nemu ini... Gue yang lulus SMA 18th b aja tuh ga dibuat berita https://t.co/Bjw45fgmKU",46,53,5,408,in,1280704165430169600,1545283041525768193,Hiyyup,https://twitter.com/Hiyyup/status/1545285378760114176,mrcipage
Tue Jul 05 17:15:22 +0000 2022,1544369357769392131,fuji provia 100 https://t.co/nwiXl6E4FS,2,3,42,694,in,1445804631485976577,1544369357769392131,suffer_rosa,https://twitter.com/suffer_rosa/status/1544369357769392131,
Mon Jul 04 08:21:07 +0000 2022,1543872520281268227,@tanyakanrl harusnya fuji kirim meme ini https://t.co/QHzhFhMqrV,0,0,20,1747,in,1261285332881780736,1543870982930046976,mengeluhi,https://twitter.com/mengeluhi/status/1543872520281268227,tanyakanrl
Mon Jul 04 08:17:18 +0000 2022,1543871562868486144,"@tanyakanrl Tapi bener loh... Bayi gak boleh sembarang disentuh... Fuji bener kok. Kalo ancam tak boleh meliput lagi, AQ gtw",1,1,13,1498,in,1539244684400283649,1543870982930046976,Fsybth1,https://twitter.com/Fsybth1/status/1543871562868486144,tanyakanrl
Sun Jul 03 15:47:20 +0000 2022,1543622425572569088,"@Askrlfess jujur bingung sama orang yg sempet2nya pusingin masalah keluarga seleb, atau tiap hari post doain fuji gala mayang gini gitu, i mean kok sempet siih ğŸ˜­ gapapa sih tapi apa ga punya masalah di idupnya yg bikin pusing gitu?",6,9,45,679,in,1447463355178897409,1543595568231903232,jalaninajagasih,https://twitter.com/jalaninajagasih/status/1543622425572569088,Askrlfess
Sun Jul 03 13:38:17 +0000 2022,1543589951492788225,"Mt.Â Fuji,Â JapanÂ ğŸ‡¯ğŸ‡µ #NaturePhotographyÂ #nature https://t.co/7FPZwUScvC",169,189,4442,41718,in,1383404685189545985,1543589951492788225,BintingM,https://twitter.com/BintingM/status/1543589951492788225,
Fri Jul 01 04:20:02 +0000 2022,1542724687293448192,"ptn! jawab yağŸ’… kalo akuuuu.. universitas udayana, biar bisa ketemu Fuji, sekalian pansos ygy, tag Fuji dongggg https://t.co/nM2zPwbSTZ",433,1298,44,1321,in,1205629250423779328,1542724687293448192,sbmptnfess,https://twitter.com/sbmptnfess/status/1542724687293448192,
Thu Jun 30 06:55:59 +0000 2022,1542401543357739010,"@convomfs Mau sebenci atau se nggak suka apapun lu ke Fuji, jokes kayak gitu tuh kelewatan. Dan yang ngetawain ini tuh gue ngga tau letak lucunya dimana.",2,24,35,1482,in,1092686413991038976,1542396458347155456,strauykids,https://twitter.com/strauykids/status/1542401543357739010,convomfs
Thu Jun 30 03:56:38 +0000 2022,1542356409488404485,"@ultramcosmos @petzoldzzz Hujat Fuji di Twitter aman mas, diluar platform itu bakal di ulti sama fansnya wkwk",7,14,16,574,in,1297352652225880064,1542008845613944833,hanagulfinarr,https://twitter.com/hanagulfinarr/status/1542356409488404485,"ultramcosmos, petzoldzzz"
Wed Jun 29 18:31:10 +0000 2022,1542214105347391488,@petzoldzzz fuji jelek ew,96,84,27,987,in,1144872731290173443,1542008845613944833,brianpablo777,https://twitter.com/brianpablo777/status/1542214105347391488,petzoldzzz
Wed Jun 29 10:56:24 +0000 2022,1542099659484647425,"@naaaf1a @tanyakanrl sorry, aku bukan fans fuji, tp emang kenapa deh kalo ada yg nge fans sama dia?",0,4,2,382,in,1500112511554625541,1542089261176209409,geramangan,https://twitter.com/geramangan/status/1542099659484647425,"naaaf1a, tanyakanrl"
Wed Jun 29 04:56:47 +0000 2022,1542009158559756288,@petzoldzzz gue mau ngejokes soal fuji tp takut kelewatan tp emg gmn ya itu orang ğŸ¤£,1,2,0,359,in,1320155837587808257,1542008845613944833,poisonedbyeve,https://twitter.com/poisonedbyeve/status/1542009158559756288,petzoldzzz
Tue Jun 28 09:07:48 +0000 2022,1541709941341229058,"@moviemenfes Pantes Fuji ga main Twitter, hatters nya disini semua woiğŸ¤£",4,5,9,521,in,1297352652225880064,1541702951047426050,hanagulfinarr,https://twitter.com/hanagulfinarr/status/1541709941341229058,moviemenfes
Mon Jun 27 18:33:31 +0000 2022,1541489919851470849,"Mt. Fuji, Japan https://t.co/AgJqzJYgCM",2,6,94,458,in,1270050068993892352,1541489919851470849,Junaidk84377239,https://twitter.com/Junaidk84377239/status/1541489919851470849,
Fri Jun 24 10:18:13 +0000 2022,1540278111681388545,@moviemenfes Bukan hater atau fans tp tiara sana fuji dibikin peran utama tuh kek gmna yaaa udah mah dr judulnya aja kurang â€œmenggugah seleraâ€ (?????) ğŸ™ aduh takut diserangğŸ¥ºğŸ™ğŸ™ğŸ™ğŸ™ğŸ¥¹,1,1,6,613,in,117645898,1540274792892633088,aliyyaraa,https://twitter.com/aliyyaraa/status/1540278111681388545,moviemenfes
Fri Jun 24 10:08:33 +0000 2022,1540275678544658432,"@moviemenfes Biasa aja, bukan krna akting fuji tapi krna vibesnya sctv banget bukan bioskopğŸ˜­ğŸ™ğŸ»",1,5,10,1111,in,840804336766599168,1540274792892633088,thinkaboutris,https://twitter.com/thinkaboutris/status/1540275678544658432,moviemenfes
Wed Jun 22 02:55:00 +0000 2022,1539441795825815553,"Fuji from Lake Yamanaka, by Takahashi Shotei, 1929  #shinhanga https://t.co/fSt00XslBJ",6,3,77,431,in,910305551220826113,1539441795825815553,JapanTraCul,https://twitter.com/JapanTraCul/status/1539441795825815553,
Sat Jun 18 22:52:08 +0000 2022,1538293515855097856,#ãƒ•ã‚¡ã‚¤ãƒ³ãƒ€ãƒ¼è¶Šã—ã®ç§ã®ä¸–ç•Œ   ğŸ“·Fuji x100v https://t.co/g4JPXus28k,0,0,18,268,in,1243289368271314945,1538293515855097856,meimimi1515,https://twitter.com/meimimi1515/status/1538293515855097856,
Sun Jun 12 07:00:08 +0000 2022,1535879609635377152,"Seoul2022,fuji xtra400,leica mpğŸ«§ğŸ»ğŸŒºâœ¨ https://t.co/OHscXSPUv8",58,115,2095,10007,in,307782840,1535879609635377152,tontawan_t,https://twitter.com/tontawan_t/status/1535879609635377152,
Sat Jun 11 15:08:00 +0000 2022,1535639994140065793,"Mt. Fuji, Japan https://t.co/4UGYILcEm5",1,2,47,338,in,1258443342997860353,1535639994140065793,visualsofearth1,https://twitter.com/visualsofearth1/status/1535639994140065793,
Sat Jun 11 07:35:16 +0000 2022,1535526063081525248,"Anjay pada pake ponco, panggung segede alaihim gambreng.   Gua kaya maen di Fuji Rock dah padahal Cimahi. ğŸ„ğŸ» https://t.co/MUr7rgAqDT",6,32,57,516,in,916495116369510400,1535526063081525248,thepanturas,https://twitter.com/thepanturas/status/1535526063081525248,
Wed Jun 08 10:44:42 +0000 2022,1534486568807071744,"Fuji TV x HYBE HYBE JAPAN TV"" akan mulai ditayangkan di Fuji TV pada 28 juni   Artis populer yang tergabung dalam label di bawah HYBE dijadwalkan untuk tampil dalam program ini secara bergantian, SEVENTEEN menjadi artis pertama yang berpartisipasi dalam acara ini -""",18,3,192,876,in,1259708808386891776,1534486568807071744,My17youth,https://twitter.com/My17youth/status/1534486568807071744,
Tue Jun 07 11:44:29 +0000 2022,1534139225842810881,@AREAJULID Konon katanya saking bucinnya Thariq sama Fuji. Fuji kalau tidak shalat. Thariq yang dicambuk malaikat.,232,198,545,6211,in,897428928,1534137877541531648,Androngehe,https://twitter.com/Androngehe/status/1534139225842810881,AREAJULID
Tue Jun 07 05:47:20 +0000 2022,1534049347607724034,@tvindonesiawkwk Fans bola fanatik = Club bolanya emang ada effort Fans K-Pop fanatik = idolnya ada karya buat dijual Wibu fanatik = anime emang sebagus itu Fans Fuji fanatik= nggak tau,45,45,310,5352,in,1268401971221811201,1534017708907704320,itsam23,https://twitter.com/itsam23/status/1534049347607724034,tvindonesiawkwk
Sun May 22 10:25:58 +0000 2022,1528321262740770817,"Hiroshi Yoshida (1876-1950) Mount Fuji, 1928. https://t.co/4UMzzQRTbL",3,0,61,293,in,3247703020,1528321262740770817,MenschOhneMusil,https://twitter.com/MenschOhneMusil/status/1528321262740770817,
Thu May 19 13:08:15 +0000 2022,1527274940453605380,"Mt. Fuji, Japan by Kohki Yamaguchi.ğŸ˜²ğŸ—»âœ¨ https://t.co/dEImM2BhHE",11,11,332,2992,in,1359955466940465157,1527274940453605380,Aerospace_Lovr,https://twitter.com/Aerospace_Lovr/status/1527274940453605380,
Wed May 18 18:05:17 +0000 2022,1526987303532773376,@szerenata @oolatte sama case nya kek farhat abbas mau penjarain thoriq sama fuji gegara bucin :),9,8,22,1241,in,1081678270381191168,1526954300005437440,acuneomu_uwu,https://twitter.com/acuneomu_uwu/status/1526987303532773376,"szerenata, oolatte"
Wed May 11 09:14:26 +0000 2022,1524316992252956672,"@faravvay_ @pengwinningg mama gua gasuka mrk masalahnya katanya 'apaansi alay' gitu anjir): trs ky fuji gtgt jg dia ga ngikutin, yg gosip ibu2 gt jg gatau, nolep kali ya mak gua ğŸ¤”",40,48,32,1274,in,1330519828331974658,1524225542114881536,PIXIEWORLDZ,https://twitter.com/PIXIEWORLDZ/status/1524316992252956672,"faravvay_, pengwinningg"
Thu May 05 12:38:13 +0000 2022,1522193951339565057,Meteor &amp  Milky Way over Mt. Fuji by Hayata Suzuki.ğŸ¤¯ https://t.co/y8LVn77JtT,0,4,85,639,in,1359955466940465157,1522193951339565057,Aerospace_Lovr,https://twitter.com/Aerospace_Lovr/status/1522193951339565057,
Tue May 03 06:55:54 +0000 2022,1521383027628150784,Fuji mana Fuji #MetGala2022 #MetGala https://t.co/ZkJSmNpY3K,7,21,51,353,lv,1055661202422947840,1521383027628150784,firzadwp,https://twitter.com/firzadwp/status/1521383027628150784,
Sat Apr 30 23:14:19 +0000 2022,1520542089335177216,Fans kpop vs fansnya Lesti dan Fuji kira-kira menang yang mana ya?,11,157,31,492,in,1296148826248474626,1520542089335177216,SumbiriYosua,https://twitter.com/SumbiriYosua/status/1520542089335177216,
Fri Apr 29 21:02:15 +0000 2022,1520146466253451264,"Kata hari iniğŸ™ŒğŸ™ğŸ¤£ğŸ˜‚  #Messi Man United Amanda Manopo Trent Jerome Fuji Agung Hapsah https://t.co/n31l13fKWM""",35,66,422,2774,in,1167078058269872128,1520146466253451264,SukaGilaBola,https://twitter.com/SukaGilaBola/status/1520146466253451264,
Fri Apr 29 15:28:30 +0000 2022,1520062477358092288,@nickigrandongg Buat orangÂ² yang ngefans ke fuji emang ngefans apanya anjim?,13,61,29,1065,in,1517552537355784192,1519914370477989890,DedeYus32449155,https://twitter.com/DedeYus32449155/status/1520062477358092288,nickigrandongg
Fri Apr 29 13:48:22 +0000 2022,1520037278797942785,"Semua koarÂ² fuji karyanya apa, tp tutup mata. Dia bikin konten, jd model vclip, main film, jd brand ambasador itu juga termasuk karya dia loh. Ga semua org public speakingnya bagus loh..lucu deh, lihat netizen-netizen yang pada paling punya karya kalau komen wkwkwk @thofuprotect",14,65,116,2726,in,2275477297,1520037278797942785,Annisa_Nisza,https://twitter.com/Annisa_Nisza/status/1520037278797942785,thofuprotect
Fri Apr 29 12:58:31 +0000 2022,1520024730148818944,@JuanMarpaung99 Gw bosen banget sama muka nya Fuji demi dah,16,73,117,1271,in,1161101711655591936,1519923387832827904,yougurtbasi,https://twitter.com/yougurtbasi/status/1520024730148818944,JuanMarpaung99
Fri Apr 29 12:10:20 +0000 2022,1520012608362885120,"Bukan fans Fuji, tapi menurutku kalau dia tidak ada daya tarik, pasti namanya langsung turun kalau kejadian kemarin sudah agak turun juga pemberitaanya. Tapi ini dia konsisten hitsnya smpe sekarang bahkan cenderung naik, berarti ada faktor X yang bikin dia bertahan. https://t.co/1YHzIuDxiT",28,130,113,2223,in,1361156294036480002,1520012608362885120,itispman,https://twitter.com/itispman/status/1520012608362885120,
Fri Apr 29 12:00:41 +0000 2022,1520010176631218176,"fuji ame mayang sebenarnya mah sama, sama2 nyari duit cuman yang lebih problematik dan ga pinter nyari duit mayang kalo fuji lebih cepet nyari perhatian ya gara2 gala dia ngomong salah aja di bela mayang nafas aja salah intinya lo good looking lo aman",25,63,62,1346,in,1440305097506840591,1520010176631218176,tawnzzy,https://twitter.com/tawnzzy/status/1520010176631218176,
Fri Apr 29 11:57:08 +0000 2022,1520009283118993408,"@urcutechat @vinjrendia @JuanMarpaung99 sumpah ini yg bilang fuji terkenal krn musibah sakit sih, sakit bgt digituin, emg ada org yg mau kena musibah? kalo emg rezekinya dia jalannya disitu gimana? lo mau nyalahin Tuhan gitu?  gila sih kalo manusia udah kena penyakit hati",7,52,101,2141,in,1281819320444579841,1519923387832827904,sehungemez,https://twitter.com/sehungemez/status/1520009283118993408,"urcutechat, vinjrendia, JuanMarpaung99"
Fri Apr 29 08:02:53 +0000 2022,1519950335594299394,@eintvnk @JuanMarpaung99 Fix iyaaa sampe takut lo ama fansnya fuji takut dibilang punya penyakit hatii hahaha,13,32,75,3883,in,1379807294536343558,1519923387832827904,Leniiiitls,https://twitter.com/Leniiiitls/status/1519950335594299394,"eintvnk, JuanMarpaung99"
Fri Apr 29 07:10:22 +0000 2022,1519937116679344128,"@JuanMarpaung99 si fuji kalo pengen tau karyanya itugendong gala""""",49,82,94,1903,in,1214577082086244352,1519923387832827904,agungariaan,https://twitter.com/agungariaan/status/1519937116679344128,JuanMarpaung99
Fri Apr 29 06:46:34 +0000 2022,1519931129431998465,"@JuanMarpaung99 Si fuji sih, ga paham apa karya yg dijual ke publik",119,221,270,6245,in,1482510485191036928,1519923387832827904,forthelastkiss,https://twitter.com/forthelastkiss/status/1519931129431998465,JuanMarpaung99
Fri Apr 29 06:15:49 +0000 2022,1519923387832827904,"Amanda Manopo, Arya Saloka, Rachel Vennya, Keanu, Fuji orangÂ² tanpa karya tapi fansnya banyak banget bangsat. https://t.co/1deXSKDSlA",4463,3951,5110,42448,in,1304482644487409664,1519923387832827904,JuanMarpaung99,https://twitter.com/JuanMarpaung99/status/1519923387832827904,
Fri Apr 29 04:22:33 +0000 2022,1519894886954110976,"Selamat menjalani akhir pekan! Mumpung lagi libur, mau ngeshare sekalian deh google drive aku yang isinya 1000+ kumpulan font yang bisa kamu download dan pake buat bikin konten, semoga tetap produktif berkonten menuju lebaran ini!  Oh iya dapet salam dulu nih dari Fuji san ğŸ–¤ğŸ—» https://t.co/KuGuRQeEOk",5,11,91,752,in,326059312,1519894886954110976,kevinpramudya_,https://twitter.com/kevinpramudya_/status/1519894886954110976,
Mon Apr 25 21:33:03 +0000 2022,1518704666632146950,"Mt. Fuji, Japan ğŸ‡¯ğŸ‡µ ğŸ“¸: mr.rafah | IG https://t.co/Uyg8zpLZzW",11,5,293,2579,in,745661583674617857,1518704666632146950,NatureVSCO,https://twitter.com/NatureVSCO/status/1518704666632146950,
Thu Apr 07 09:45:00 +0000 2022,1512003497977208833,"Mt Fuji by Okada Koichi, 1950  #woodblockprint https://t.co/a9MGE1XlrB",2,2,102,455,in,910305551220826113,1512003497977208833,JapanTraCul,https://twitter.com/JapanTraCul/status/1512003497977208833,
Wed Mar 23 14:03:55 +0000 2022,1506632838623506433,"Japan ,Fuji ğŸ“·ğŸ“¸ #nature #NaturePhotography https://t.co/Zrr9xwvu5E",10,16,326,1525,in,1529151601,1506632838623506433,SarahiArQui,https://twitter.com/SarahiArQui/status/1506632838623506433,
Sat Mar 19 06:18:01 +0000 2022,1505066042355113994,[TRANS] ğŸ¶ 190322  OP: Sini ke Fuji Q  ğŸ¶: *pake katakana* Algesseo ğŸ¶: fyi itu artinya oke ya !  @treasuremembers https://t.co/ATOMRMVj1o,12,4,84,1136,in,1376469852479574020,1505066042355113994,teuverse_id,https://twitter.com/teuverse_id/status/1505066042355113994,treasuremembers
Thu Mar 17 16:57:55 +0000 2022,1504502300609589253,"@Askrlfess Ampe skrg gapercaya fuji ama thoriq beneran pacaran, saking banyaknya konten keluarga gledek, apa2 dikontenin",2,2,29,854,in,899644787443159040,1504501726493044738,lastjulliette,https://twitter.com/lastjulliette/status/1504502300609589253,Askrlfess
Thu Mar 17 16:57:50 +0000 2022,1504502280489508869,"@Askrlfess Ntar fuji lagi yang kena hadyuu. Ortunya fuji lagi pelik urusan gala ga kelar kenapa kaya gini dikontenin:( udah jangan di-up nder biar netijen ga hujat tiap pihak""",2,2,16,1009,in,798243018,1504501726493044738,ryskantny,https://twitter.com/ryskantny/status/1504502280489508869,Askrlfess
Thu Mar 17 05:38:39 +0000 2022,1504331359816339457,"@Askrlfess seriusan? wkwk tapi serius menurut gue mereka gak cocok sih, fuji nyari cowo lain ajağŸ¥²",6,15,11,1937,in,1417140835754205189,1504330059628175361,yeriunpad,https://twitter.com/yeriunpad/status/1504331359816339457,Askrlfess
Wed Mar 16 07:20:38 +0000 2022,1503994636716625921,"@treasurebabble ntar lama lama fuji jadi teume, terus bisa donasi buat next cb deh aamiin ğŸ˜‡ğŸ¤²ğŸ»",1,0,7,603,in,1059520925631078400,1503988185843392515,youaremy131,https://twitter.com/youaremy131/status/1503994636716625921,treasurebabble
Tue Mar 15 13:35:15 +0000 2022,1503726520484786182,"-hey GUYS ğŸ˜­ğŸ˜­ FUJI NOTICE POST AN TEUME DODI KETEMU FUJI"" CAPEKK BANGETT ğŸ˜­ğŸ˜­ https://t.co/8s8Uiz8iwQ""",186,136,527,8430,in,1210342758029807616,1503726520484786182,starfess,https://twitter.com/starfess/status/1503726520484786182,
Tue Mar 15 13:25:20 +0000 2022,1503724025255632900,teume! Tolong ngakak banget ğŸ˜­ğŸ˜­ğŸ˜­ bisa-bisanya di notice fuji ğŸ˜­ğŸ˜­ https://t.co/3ybUzwEKaY,357,205,449,5582,in,1271439514460753920,1503724025255632900,treasuremenfess,https://twitter.com/treasuremenfess/status/1503724025255632900,
Tue Mar 15 11:30:14 +0000 2022,1503695061615214594,teume! SEMOGA NANTI DODI DENGAN FUJI GADA KONFLIK DIATAS PANGGUNG YA... SOALNYA MALAM INI FUJI datengğŸ˜­ğŸ˜­ğŸ˜­,763,550,739,8544,in,1271439514460753920,1503695061615214594,treasuremenfess,https://twitter.com/treasuremenfess/status/1503695061615214594,
Mon Mar 07 15:38:47 +0000 2022,1500858506966044672,@anyaselalubenar Bagus deh gak ada Toriq ma fuji,15,43,52,1231,in,1475968045927395330,1500858404763541504,inversifil,https://twitter.com/inversifil/status/1500858506966044672,anyaselalubenar
Sat Mar 05 07:47:55 +0000 2022,1500015236057034754,Run fuji run,1,2,71,431,in,736940016,1500015236057034754,spesdelune,https://twitter.com/spesdelune/status/1500015236057034754,
Sat Mar 05 04:24:21 +0000 2022,1499964007091826693,"@txtdrimedia Fuji adalah gw, Thariq adalah mantan gw wkwkwkwk gak tahu ya endingnya sama apa kaga wkwkwkwk",5,21,25,314,in,186796485,1499748826823163916,aashkaarora,https://twitter.com/aashkaarora/status/1499964007091826693,txtdrimedia
